from,to
/9-of-the-best-airbnb-treehouses-in-the-us/,/airbnb-treehouses/
/airbnb-alternatives-your-best-options-for-the-best-deals-2024/,/airbnb-alternatives-2024/
/airbnb-miami-magical-stays-in-the-heart-of-the-magic-city/,/airbnb-miami/
/best-cheap-flights-websites-nobody-is-talking-about-how-to-find-cheap-flights-2022%ef%bf%bc/,/best-cheap-flights-websites-nobody-is-talking-about-how-to-find-cheap-flights-2022/
/getting-more-direct-bookings-the-value-of-repeat-guests%ef%bf%bc/,/getting-more-direct-bookings-the-value-of-repeat-guests/
/harry-potter-themed-airbnbs-our-top-9-for-a-magical-stay/,/harry-potter-themed-airbnbs/
/how-to-get-longer-bookings-and-monthly-bookings-on-airbnb-and-vrbo%ef%bf%bc/,/how-to-get-longer-bookings-and-monthly-bookings-on-airbnb-and-vrbo/
/looking-for-a-pet-friendly-airbnb-heres-your-ultimate-guide/,/pet-friendly-airbnb-guide/
/pet-friendly-airbnbs-sniff-out-the-best-spots-for-a-pawsome-vacation/,/pet-friendly-airbnbs/
/youll-lose-thousands-hosting-on-airbnb-if-you-do-this%ef%bf%bc/,/youll-lose-thousands-hosting-on-airbnb-if-you-do-this/
/the-hichee-blog/,/
/hichee-blog-for-hosts/page/2,/hichee-blog-for-hosts/
/hichee-blog-for-hosts/page/2/,/hichee-blog-for-hosts/
